pregunta,opcion1,opcion2,opcion3,opcion4,opcion5,correctas,explicacion,imagen
"Según la Organización Mundial de la Salud, la siguiente problemática es categorizada como “pandemia” ya que constituye la décima causa de muerte en todo el mundo.","Verdadero.","Falso.",,,,"1","Respuesta según el cuestionario oficial de la Provincia de Buenos Aires.","/img/preguntas/pba/0001.webp"
"Indique cuál de las siguientes situaciones conlleva mayor probabilidad de siniestralidad","Opción A.","Opción B.","Ambas respuestas, A y B, son correctas.",,,"2","Respuesta según el cuestionario oficial de la Provincia de Buenos Aires.","/img/preguntas/pba/0002.webp"
"¿Es aconsejable circular en bicicleta de esta manera?","Sí, porque está conduciendo correctamente.","No, ya que utilizar auriculares es un factor de distracción que impide conectarse con lo que sucede alrededor.","Sí, ya que tiene las medidas de seguridad necesarias y el uso de los auriculares permite mejorar la calidad del viaje.",,,"2","Respuesta según el cuestionario oficial de la Provincia de Buenos Aires.","/img/preguntas/pba/0003.webp"
"En cuanto a su indumentaria, ¿cuál de los dos ciclistas presenta menor riesgo de sufrir un siniestro vial?","La opción A, ya que al tener ropa clara es más visible.","Opción B, ya que al tener ropa oscura no genera distracciones en los demás conductores.","Ambas opciones presentan el mismo riesgo por igual.",,,"1","Respuesta según el cuestionario oficial de la Provincia de Buenos Aires.","/img/preguntas/pba/0004.webp"
"¿Se puede circular en bicicleta por esta vía?","Sí, siempre que se mantenga en el carril derecho.","No, está prohibido.","Sí, mientras se respete la velocidad mínima de la arteria.",,,"2","Respuesta según el cuestionario oficial de la Provincia de Buenos Aires.","/img/preguntas/pba/0005.webp"
"¿Qué indica esta seña?","Giro a la izquierda.","Adelantamiento por la izquierda.","Detenerse.",,,"1","Respuesta según el cuestionario oficial de la Provincia de Buenos Aires.","/img/preguntas/pba/0006.webp"
"¿Qué indica esta seña?","Adelantamiento por la derecha.","Giro a la derecha.","Detenerse.",,,"2","Respuesta según el cuestionario oficial de la Provincia de Buenos Aires.","/img/preguntas/pba/0007.webp"
"Si usted pretende cruzar esta intersección, ¿hacia qué lado debe mirar?","Hacia la derecha.","Hacia la izquierda.","Hacia ambos lados.",,,"3","Respuesta según el cuestionario oficial de la Provincia de Buenos Aires.","/img/preguntas/pba/0009.webp"
"En esta situación, ¿es correcto que el vehículo avance?","Sí, porque por allí no circulan peatones y no hay peligro.","No, porque aún hay peatones cruzando de un lado al otro de la arteria.","Sí, aunque haya peatones cruzando tiene el espacio suficiente para avanzar.",,,"2","Respuesta según el cuestionario oficial de la Provincia de Buenos Aires.","/img/preguntas/pba/0010.webp"
"¿Cómo debe proceder, si al llegar a esta intersección, se desea continuar en línea recta?","Detener el vehículo para que el peatón termine de cruzar y, antes de avanzar, hacer contacto visual con los peatones que aún no comenzaron a cruzar, aun sabiendo que obstruiré por un momento la bocacalle.","Avanzar porque la luz verde del semáforo me habilita pero tocando bocina para que los peatones no se distraigan. Es importante no obstruir la bocacalle.",,,,"1","Respuesta según el cuestionario oficial de la Provincia de Buenos Aires.","/img/preguntas/pba/0011.webp"
"Desde el punto de vista del conductor frente a esta situación, ¿cuál es la acción adecuada?","Esquivar a la peatona y tocarle bocina para que no se distraiga.","Frenar y esperar a que termine de cruzar la peatona, aun sabiendo que el vehículo pueda obstaculizar el flujo vehicular.",,,,"2","Respuesta según el cuestionario oficial de la Provincia de Buenos Aires.","/img/preguntas/pba/0012.webp"
"Dadas las características de esta intersección, ¿el peatón también tiene prioridad?","No, pero si el peatón se encuentra cruzando, el conductor debe dejarlo pasar para no producir un siniestro vial.","Sí, siempre.",,,,"2","Respuesta según el cuestionario oficial de la Provincia de Buenos Aires.","/img/preguntas/pba/0013.webp"
"Frente a la siguiente situación, ¿qué actitud debe tomar usted como conductor?","Hacer contacto visual con la peatona y en el caso de que comience a cruzar cederle el paso.","Avanzar ya que se tiene prioridad sobre la peatona por circular desde la derecha.","Ambas respuestas, la A y la B, son incorrectas.",,,"1","Respuesta según el cuestionario oficial de la Provincia de Buenos Aires.","/img/preguntas/pba/0014.webp"
"Si ud. es el conductor del vehículo, ¿qué conducta debe adoptar en la siguiente situación?","Priorizar la circulación del peatón, indefectiblemente.","Realizar una guiñada para advertir su preferencia de avance.","Completar la maniobra como sea posible, para disminuir su tiempo de permanencia sobre la vereda.",,,"1","Respuesta según el cuestionario oficial de la Provincia de Buenos Aires.","/img/preguntas/pba/0015.webp"
"En esta intersección, ¿quién tiene prioridad de paso?","El peatón.","El conductor.","Es indistinto.",,,"1","Respuesta según el cuestionario oficial de la Provincia de Buenos Aires.","/img/preguntas/pba/0016.webp"
"Como conductor, observa que esta luz se encuentra intermitente, ¿qué debería esperar que haga el peatón?","Que no comience a cruzar la calzada.","Si inició el cruce, que lo finalice con mucha precaución.","Ambas respuestas, la A y la B son correctas.",,,"3","Respuesta según el cuestionario oficial de la Provincia de Buenos Aires.","/img/preguntas/pba/0017.webp"
"¿Qué indica la señal horizontal que se encuentra demarcada sobre la calzada?","Carril exclusivo de colectivo de pasajeros.","Cruce exclusivo de vehículos de emergencia.","Ceda el paso.",,,"1","Respuesta según el cuestionario oficial de la Provincia de Buenos Aires.","/img/preguntas/pba/0018.webp"
"¿Qué indica la demarcación horizontal que se visualiza en la imagen?","Estacionamiento para micros escolares.","Carril de detención para el ascenso y descenso de escolares.","Zona de ascenso y descenso de pasajeros de transporte público.",,,"2","Respuesta según el cuestionario oficial de la Provincia de Buenos Aires.","/img/preguntas/pba/0019.webp"
"La siguiente imagen corresponde a:","Calle Prioridad Peatón.","Calle con Intervención Peatonal.","Calle con Bicisenda.}",,,"1","Respuesta según el cuestionario oficial de la Provincia de Buenos Aires.","/img/preguntas/pba/0020.webp"
"¿Para qué sirve la demarcación horizontal de color amarillo que se visualiza en la imagen?","Ampliar la zona permitida de estacionamiento para motos.","Reducir la velocidad y radio de giro de los vehículos.","Ampliar la zona permitida de estacionamiento para vehículos de emergencia.",,,"2","Respuesta según el cuestionario oficial de la Provincia de Buenos Aires.","/img/preguntas/pba/0021.webp"
"La señal que está presente en la imagen corresponde a las informativas que orientan al peatón.","Verdadero.","Falso.",,,,"1","Respuesta según el cuestionario oficial de la Provincia de Buenos Aires.","/img/preguntas/pba/0022.webp"
"En caso de un siniestro vial en este tipo de calle, ¿cómo es recomendable señalizar la zona del vehículo inmovilizado?","Se deben encender las luces bajas y, en lo posible, colocar balizas portátiles delante y detrás del mismo.","Se deben encender las luces altas y, en lo posible, colocar balizas portátiles detrás del mismo.","Se deben encender las balizas y, en lo posible, colocar balizas portátiles del lado de donde provienen los vehículos a una distancia adecuada del vehículo.",,,"3","Respuesta según el cuestionario oficial de la Provincia de Buenos Aires.","/img/preguntas/pba/0023.webp"
"En el caso de que un vehículo quede inmovilizado por un siniestro vial o desperfecto mecánico en los carriles marcados de esta vía, ¿qué es recomendable hacer?","Colocar las balizas portátiles, ponerse a resguardo detrás de una defensa si las hubiere y llamar al número de emergencia de la Autopista.","Descender del vehículo usando un chaleco reflectante para hacer señas al resto de los vehículos y llamar al número de emergencia de la Autopista.","Permanecer dentro del vehículo con el cinturón de seguridad abrochado, encender las balizas y llamar al número de emergencia de la Autopista.",,,"3","Respuesta según el cuestionario oficial de la Provincia de Buenos Aires.","/img/preguntas/pba/0024.webp"
"En caso de un siniestro vial o desperfecto mecánico, ¿qué es recomendable hacer cuando el vehículo queda inmovilizado en el sector señalado?","Encender las luces intermitentes, colocar las balizas portátiles y llamar al número de emergencia de la Autopista.","Descender del vehículo usando un chaleco reflectante y ponerse a resguardo detrás de una defensa si las hubiere.","Ambas respuestas, la A y la B, son correctas.",,,"3","Respuesta según el cuestionario oficial de la Provincia de Buenos Aires.","/img/preguntas/pba/0025.webp"
"Con esta documentación, ¿quién está autorizado a conducir el vehículo?","Nadie, porque está vencida y debe renovarse.","Sólo el titular.","El titular y sus familiares directos, por tener el mismo apellido.",,,"1","Respuesta según el cuestionario oficial de la Provincia de Buenos Aires.","/img/preguntas/pba/0026.webp"
"¿Está permitido circular con la placa de dominio de este modo?","Sí, ya que exhibe una documentación provisoria.","No, ya que para poder cumplir su función como provisoria debe ampliarse.","No, ya que debe estar colocada en el lugar y de forma reglamentaria.",,,"3","Respuesta según el cuestionario oficial de la Provincia de Buenos Aires.","/img/preguntas/pba/0027.webp"
"Durante esta situación, ¿es riesgoso que el conductor utilice el teléfono celular?","No, ya que no hay otros vehículos junto a él.","Sí, ya que a pesar de estar detenido, está en la vía de circulación y su atención no está dirigida al contexto.","No, ya que el vehículo no está en movimiento.",,,"2","Respuesta según el cuestionario oficial de la Provincia de Buenos Aires.","/img/preguntas/pba/0028.webp"
"¿Cuál de estos sistemas de comunicación telefónica no es considerado riesgoso al momento de conducir un vehículo?","Opción A. Ya que al utilizar un sólo auricular la audición no se encuentra afectada.","Opción B. Ya que al activar el manos libres las manos quedan disponibles para la conducción.","Ambos sistemas son riesgosos.",,,"3","Respuesta según el cuestionario oficial de la Provincia de Buenos Aires.","/img/preguntas/pba/0029.webp"
"La siguiente acción del conductor, ¿es considerada un factor de riesgo?","No, ya que el conductor no está utilizando sus manos para mantener una comunicación telefónica.","Sí, sólo cuando circula a altas velocidades.","Sí, porque interfiere en su atención al contexto.",,,"3","Respuesta según el cuestionario oficial de la Provincia de Buenos Aires.","/img/preguntas/pba/0030.webp"
"La siguiente acción del conductor es riesgosa porque:","Disminuye su capacidad atencional, limita el sentido de la audición, reduce la capacidad de reacción y aumenta el tiempo necesario para responder ante un estímulo.","El conductor debe mantener ambas manos comprometidas en la acción de conducir y al manipularlo, reduciría su capacidad para maniobrar.","Ambas respuestas, la A y la B, son correctas.",,,"3","Respuesta según el cuestionario oficial de la Provincia de Buenos Aires.","/img/preguntas/pba/0031.webp"
"¿Se encuentra prohibida la acción de la persona señalada con el círculo rojo?","Sí, porque se encuentra en el asiento delantero.","No, porque la prohibición del uso de telefonía celular alcanza sólo al conductor del vehículo.","Sí, su uso se encuentra prohibido para todos los ocupantes del vehículo.",,,"2","Respuesta según el cuestionario oficial de la Provincia de Buenos Aires.","/img/preguntas/pba/0032.webp"
"La presente conducta, ¿es riesgosa al momento de conducir?","Sí, porque es considerado un factor de distracción.","Únicamente si se circula a altas velocidades.","Al contrario, ayuda a mantener la atención en la conducción.",,,"1","Respuesta según el cuestionario oficial de la Provincia de Buenos Aires.","/img/preguntas/pba/0033.webp"
"La acción que se presenta en la imagen es considerada riesgosa para la conducción de un vehículo.","Verdadero.","Falso.",,,,"1","Respuesta según el cuestionario oficial de la Provincia de Buenos Aires.","/img/preguntas/pba/0034.webp"
"La acción que realiza el conductor en la imagen es riesgosa para la conducción.","Verdadero.","Falso.",,,,"1","Respuesta según el cuestionario oficial de la Provincia de Buenos Aires.","/img/preguntas/pba/0035.webp"
"¿Cuáles de las siguientes acciones son consideradas factores de distracción cuando se conduce un vehículo?","Las opciones A, B y C.","Las opciones A y C.","Las opciones B y C.",,,"1","Respuesta según el cuestionario oficial de la Provincia de Buenos Aires.","/img/preguntas/pba/0036.webp"
"Que indica el señalamiento vertical de color azul A – Restricción B - información C – Prevención Que indica el señalamiento vertical con una orla roja A – Restricción B - información C – Prevención Que indica el señalamiento vertical de color amarillo A – Restricción B - información C – Prevención ¿Qué está indicando el agente de tránsito al realizar esta señal a un conductor?","Que circule con precaución.","Que detenga el vehículo.","Que continúe avanzando.",,,"2","Respuesta según el cuestionario oficial de la Provincia de Buenos Aires.","/img/preguntas/pba/0037.webp"
"Si al circular por una vía y la persona señalada le indica detenerse, ¿está obligado usted a obedecer?","Sí, porque al ser personal de obra está autorizado a regular el paso de vehículos en el tramo donde están trabajando.","Sólo si se percibe una situación riesgosa ya que el personal de obra no tiene la autoridad legal para realizar dicha indicación.","No, porque no tiene autoridad ya que la Ley sólo delega dicha función a los agentes de tránsito.",,,"1","Respuesta según el cuestionario oficial de la Provincia de Buenos Aires.","/img/preguntas/pba/0038.webp"
"Si se encuentra en esta situación y el personal ferroviario le indica que avance, ¿qué debe hacer?","Avanzar porque el personal ferroviario está autorizado a regular el paso de vehículos.","Detenerme y esperar hasta que la barrera se levante porque el personal ferroviario no tiene la autoridad legal para realizar dicha indicación.","Detenerme y esperar hasta que la barrera se levante, salvo que la indicación sea realizada por un agente de tránsito ya que es la única autoridad competente.",,,"1","Respuesta según el cuestionario oficial de la Provincia de Buenos Aires.","/img/preguntas/pba/0039.webp"
"¿Qué indican las señales transitorias naranjas ubicadas en la calzada de la presente imagen?","Refuerzan el significado de las líneas discontinuas del carril porque es una zona peligrosa.","Nada, no son señales de circulación y es ilegal su colocación.","La prohibición de sobrepasar la línea imaginaria que las une.",,,"3","Respuesta según el cuestionario oficial de la Provincia de Buenos Aires.","/img/preguntas/pba/0040.webp"
"¿Qué tipo de señal es la siguiente imagen?","Reglamentaria.","Transitoria.","Informativa.",,,"2","Respuesta según el cuestionario oficial de la Provincia de Buenos Aires.","/img/preguntas/pba/0041.webp"
"Si al conducir un vehículo se encuentra en una intersección con esta señalización intermitente, ¿qué actitud debe tomar?","Tengo la obligación de detener la marcha y cuando no haya más vehículos circulando por la arteria que cruza, puedo reiniciarla.","Al tener prioridad, debo atravesarla rápidamente para no obstaculizar la vía.","Efectuar el cruce con máxima precaución.",,,"3","Respuesta según el cuestionario oficial de la Provincia de Buenos Aires.","/img/preguntas/pba/0042.webp"
"Si al conducir un vehículo se encuentra en una intersección con esta señalización intermitente, ¿qué actitud debe tomar?","Detener la marcha y realizar el cruce cuando se tenga la certeza de que no existe riesgo alguno.","Al tener prioridad, debo atravesarla rápidamente para no obstaculizar la vía.","Extremar precauciones al cruzar sin la necesidad de detenerme.",,,"1","Respuesta según el cuestionario oficial de la Provincia de Buenos Aires.","/img/preguntas/pba/0043.webp"
"Frente a esta situación, ¿qué debe hacer el conductor del vehículo señalado con el círculo rojo?","Avanzar si es que el vehículo que cruza lo hace lentamente porque la prioridad de paso está dada por la luz verde.","No iniciar el cruce, hasta que el otro vehículo haya completado el suyo.","Avanzar rápidamente si el vehículo que cruza todavía no llegó a mitad del cruce, de esa manera se deja libre la intersección.",,,"2","Respuesta según el cuestionario oficial de la Provincia de Buenos Aires.","/img/preguntas/pba/0044.webp"
"¿Qué indica esta demarcación amarilla en la calzada?","Que es un sector destinado a la detención y al estacionamiento de vehículos.","Que se debe circular lentamente por su sector central.","Que no se debe circular sobre ella.",,,"3","Respuesta según el cuestionario oficial de la Provincia de Buenos Aires.","/img/preguntas/pba/0045.webp"
"¿Qué significa esta demarcación amarilla en la calzada?","Es una señalización que se utiliza únicamente para dividir los carriles de la vía.","Indica, para ambos sentidos de circulación, que no debe ser traspasada ni se puede circular sobre ella.","Significa que sólo pueden circular vehículos particulares.",,,"2","Respuesta según el cuestionario oficial de la Provincia de Buenos Aires.","/img/preguntas/pba/0046.webp"
"En la siguiente imagen, ¿qué indican las líneas centrales de la calzada señaladas?","Que se pueden traspasar.","Que está prohibido traspasarlas.","Que es una zona de máximo peligro.",,,"1","Respuesta según el cuestionario oficial de la Provincia de Buenos Aires.","/img/preguntas/pba/0047.webp"
"¿Cuál de estas señales comunica “Prevención”?","La señal A.","La señal B.","La señal C.",,,"2","Respuesta según el cuestionario oficial de la Provincia de Buenos Aires.","/img/preguntas/pba/0048.webp"
"¿Cuál de estas señales es Reglamentaria?","La señal A.","La señal B.","La señal C.",,,"2","Respuesta según el cuestionario oficial de la Provincia de Buenos Aires.","/img/preguntas/pba/0049.webp"
"¿Cuál de estas señales es una señal reglamentaria?","La señal A.","La señal B.","La señal C.",,,"3","Respuesta según el cuestionario oficial de la Provincia de Buenos Aires.","/img/preguntas/pba/0050.webp"
"¿Cuál de estas señales es Informativa?","La señal A.","La señal B.","La señal C.",,,"1","Respuesta según el cuestionario oficial de la Provincia de Buenos Aires.","/img/preguntas/pba/0051.webp"
"Indique qué tipo de señal es la que a continuación se muestra:","Preventiva.","Reglamentaria.","Informativa.",,,"3","Respuesta según el cuestionario oficial de la Provincia de Buenos Aires.","/img/preguntas/pba/0052.webp"
"¿Cuál de las siguientes imágenes, por forma y color, corresponde a la señal indicativa de una rotonda o pendiente pronunciada?","Figura A.","Figura B.","Figura C.",,,"3","Respuesta según el cuestionario oficial de la Provincia de Buenos Aires.","/img/preguntas/pba/0053.webp"
"¿Cuál de las siguientes imágenes, por forma y color, corresponde a la señal indicativa de estar próximo a una zona afectada por obras?","Figura A.","Figura B.","Figura C.",,,"2","Respuesta según el cuestionario oficial de la Provincia de Buenos Aires.","/img/preguntas/pba/0054.webp"
"Frente a la siguiente situación de emergencia, ¿qué deben hacer los conductores que circulen en su proximidad?","Aumentar la velocidad para no ser un obstáculo a este vehículo.","Avisar a otros conductores de la presencia de este vehículo, usando repetidamente la bocina.","Dar lugar a este vehículo, despejar el carril de emergencias y si fuera necesario detenerse.",,,"3","Respuesta según el cuestionario oficial de la Provincia de Buenos Aires.","/img/preguntas/pba/0055.webp"
"El siguiente símbolo indica que se trata de un carril que debe ser liberado cuando se aproxima un vehículo en emergencia.}","Verdadero.","Falso.",,,,"1","Respuesta según el cuestionario oficial de la Provincia de Buenos Aires.","/img/preguntas/pba/0056.webp"
"Frente a la siguiente situación de emergencia, ¿hacia qué sector es recomendable que se aparten los vehículos de la imagen para facilitar el paso a la ambulancia?","Ambos hacia su derecha.","El único que debería apartarse es el auto 2 hacia su derecha.","El auto 1 hacia su izquierda y el 2 hacia su derecha.",,,"3","Respuesta según el cuestionario oficial de la Provincia de Buenos Aires.","/img/preguntas/pba/0057.webp"
"Frente a la siguiente situación de emergencia, ¿hacia qué sector es recomendable que se aparten los vehículos de la imagen para facilitar el paso a la ambulancia?","El único que debería apartarse es el auto 2 hacia su derecha.","Todos hacia su derecha.","El auto 1 hacia su izquierda, mientras que el 2 y 3 hacia su derecha.",,,"3","Respuesta según el cuestionario oficial de la Provincia de Buenos Aires.","/img/preguntas/pba/0058.webp"
"Ud. se encuentra frente a la siguiente situación donde el conductor toca repetidamente la bocina, ¿qué debe hacer si se encuentra conduciendo en su proximidad?","Cederle el paso, ya que está indicando que se encuentra en emergencia.","Brindar mi colaboración, ya que está indicando que el vehículo tiene un desperfecto mecánico.","Alertar a otros conductores, tocando repetidamente la bocina, que ese vehículo cruzará un se",,,"1","Respuesta según el cuestionario oficial de la Provincia de Buenos Aires.","/img/preguntas/pba/0060.webp"
"Indique cual es la correcta:","Puesto sanitario","Emergencias","Policía",,,"1","Respuesta según el cuestionario oficial de la Provincia de Buenos Aires.","/img/preguntas/pba/0061.webp"
"La siguiente señal indica:","Detención transporte público.","Terminal ómnibus","Punto panorámico",,,"2","Respuesta según el cuestionario oficial de la Provincia de Buenos Aires.","/img/preguntas/pba/0062.webp"
"La siguiente señal indica:","Hotel","Hospital","Zona de descanso.",,,"1","Respuesta según el cuestionario oficial de la Provincia de Buenos Aires.","/img/preguntas/pba/0063.webp"
"La siguiente señal indica:","Plaza","Lugar para recreación","Campamento",,,"2","Respuesta según el cuestionario oficial de la Provincia de Buenos Aires.","/img/preguntas/pba/0064.webp"
"La siguiente señal indica:","Estación de servicio","Bar","Restaurant",,,"2","Respuesta según el cuestionario oficial de la Provincia de Buenos Aires.","/img/preguntas/pba/0065.webp"
"La siguiente señal indica:","Hotel","Bar","Restaurante",,,"3","Respuesta según el cuestionario oficial de la Provincia de Buenos Aires.","/img/preguntas/pba/0066.webp"
"La siguiente señal indica:","curva cerrada","camino sinuoso","permitido girar",,,"1","Respuesta según el cuestionario oficial de la Provincia de Buenos Aires.","/img/preguntas/pba/0067.webp"
"La siguiente señal indica:","Maquinaria especial","Hombres trabajando","Equipo pesado en la vía",,,"3","Respuesta según el cuestionario oficial de la Provincia de Buenos Aires.","/img/preguntas/pba/0068.webp"
"La siguiente señal indica:","Permitido girar derecha","Dirección permitida derecha","Circulación obligatoria",,,"1","Respuesta según el cuestionario oficial de la Provincia de Buenos Aires.","/img/preguntas/pba/0069.webp"
"La siguiente señal indica:","No avanzar","Contramano","Prohibido adelantar",,,"1","Respuesta según el cuestionario oficial de la Provincia de Buenos Aires.","/img/preguntas/pba/0070.webp"
"La siguiente señal indica:","Puente angosto","Estrechamiento (en sus dos manos)","Estrechamiento (en una sola mano)",,,"1","Respuesta según el cuestionario oficial de la Provincia de Buenos Aires.","/img/preguntas/pba/0071.webp"
"La siguiente señal indica:","Incorporación de tránsito lateral","Inicio doble mano","Ascenso y descenso.",,,"2","Respuesta según el cuestionario oficial de la Provincia de Buenos Aires.","/img/preguntas/pba/0072.webp"
"La siguiente señal indica:","No estacionar","No estacionar ni detenerse","Prohibición de circular autos.",,,"2","Respuesta según el cuestionario oficial de la Provincia de Buenos Aires. En el examen es una pregunta de carácter eliminatorio.","/img/preguntas/pba/0073.webp"
"La siguiente señal indica:","Paneles de prevención","Cruce ferroviario","Curva cerrada",,,"1","Respuesta según el cuestionario oficial de la Provincia de Buenos Aires.","/img/preguntas/pba/0074.webp"
"La siguiente señal indica:","camino sinuoso","Camino en ascenso","Curva en “S”",,,"1","Respuesta según el cuestionario oficial de la Provincia de Buenos Aires.","/img/preguntas/pba/0075.webp"
"La siguiente señal indica:","Paso obligatorio","Giro obligatorio derecha","Sentido circulación (derecha)",,,"3","Respuesta según el cuestionario oficial de la Provincia de Buenos Aires.","/img/preguntas/pba/0076.webp"
"La siguiente señal indica:","Vientos fuertes laterales","Derrumbes","Proyección de piedras",,,"3","Respuesta según el cuestionario oficial de la Provincia de Buenos Aires.","/img/preguntas/pba/0077.webp"
"La siguiente señal indica:","Puente móvil","Inicio de calzada dividida","Túnel",,,"2","Respuesta según el cuestionario oficial de la Provincia de Buenos Aires.","/img/preguntas/pba/0078.webp"
"La siguiente señal indica:","incorporación de tránsito lateral","encrucijada","Doble camino",,,"2","Respuesta según el cuestionario oficial de la Provincia de Buenos Aires.","/img/preguntas/pba/0079.webp"
"La siguiente señal indica:","Puesto sanitario","Bomberos","Policia",,,"3","Respuesta según el cuestionario oficial de la Provincia de Buenos Aires.","/img/preguntas/pba/0080.webp"
"La siguiente señal indica:","Detención transporte público.","Terminal ómnibus","Transporte de emergencias",,,"1","Respuesta según el cuestionario oficial de la Provincia de Buenos Aires.","/img/preguntas/pba/0081.webp"
"La siguiente señal indica:","curva cerrada","camino sinuoso","permitido girar a la izquierda",,,"3","Respuesta según el cuestionario oficial de la Provincia de Buenos Aires.","/img/preguntas/pba/0082.webp"
"La siguiente señal indica:","camino sinuoso","curva común","Curva en “S”",,,"3","Respuesta según el cuestionario oficial de la Provincia de Buenos Aires.","/img/preguntas/pba/0083.webp"
"La siguiente señal indica:","No estacionar.","No estacionar ni detenerse.","Prohibición de circular autos.",,,"3","Respuesta según el cuestionario oficial de la Provincia de Buenos Aires.","/img/preguntas/pba/0084.webp"
"La siguiente señal indica:","Incorporación de tránsito lateral.","Inicio doble mano","encrucijada",,,"1","Respuesta según el cuestionario oficial de la Provincia de Buenos Aires.","/img/preguntas/pba/0085.webp"
"La siguiente señal indica:","Estacionamiento de casas rodantes","Campamento","Punto panorámico.",,,"3","Respuesta según el cuestionario oficial de la Provincia de Buenos Aires.","/img/preguntas/pba/0086.webp"
"La siguiente señal indica:","Límite de velocidad mínima","Límite de velocidad máxima","Limitación largo vehículo",,,"1","Respuesta según el cuestionario oficial de la Provincia de Buenos Aires.","/img/preguntas/pba/0087.webp"
"La siguiente señal indica:","Escolares","Niños","Zona de deportes",,,"2","Respuesta según el cuestionario oficial de la Provincia de Buenos Aires.","/img/preguntas/pba/0090.webp"
"La siguiente señal indica:","Prohibición de circular camión","Prohibición de circular carro de mano","Prohibición de circular acoplado",,,"3","Respuesta según el cuestionario oficial de la Provincia de Buenos Aires.","/img/preguntas/pba/0091.webp"
"La siguiente señal indica:","Escolares","Niños","Hombres trabajando",,,"1","Respuesta según el cuestionario oficial de la Provincia de Buenos Aires. En el examen es una pregunta de carácter eliminatorio.","/img/preguntas/pba/0094.webp"
"La siguiente señal indica:","Zona de montaña","Niños","Hombres trabajando",,,"3","Respuesta según el cuestionario oficial de la Provincia de Buenos Aires.","/img/preguntas/pba/0095.webp"
"La siguiente señal indica:","Vallas tipo dos","Desvío","Delineadores",,,"1","Respuesta según el cuestionario oficial de la Provincia de Buenos Aires.","/img/preguntas/pba/0096.webp"
"La siguiente señal indica:","Vallas","Tambores","Delineadores",,,"2","Respuesta según el cuestionario oficial de la Provincia de Buenos Aires.","/img/preguntas/pba/0097.webp"
"La siguiente señal indica:","Ruta panamericana","Ruta nacional","Ruta provincial",,,"1","Respuesta según el cuestionario oficial de la Provincia de Buenos Aires.","/img/preguntas/pba/0098.webp"
"La siguiente señal indica:","Ruta panamericana","Ruta nacional","Ruta provincial",,,"2","Respuesta según el cuestionario oficial de la Provincia de Buenos Aires. En el examen es una pregunta de carácter eliminatorio.","/img/preguntas/pba/0099.webp"
"La siguiente señal indica:","Estación de servicio","Gomería","Policía",,,"2","Respuesta según el cuestionario oficial de la Provincia de Buenos Aires.","/img/preguntas/pba/0101.webp"
"La siguiente señal indica","Limitación de altura","Limitación de ancho","Limitación de largo de vehículo",,,"1","Respuesta según el cuestionario oficial de la Provincia de Buenos Aires.","/img/preguntas/pba/0102.webp"
"La siguiente señal indica","Limitación de altura","Limitación de ancho X","Limitación de largo de vehículo",,,"2","Respuesta según el cuestionario oficial de la Provincia de Buenos Aires.","/img/preguntas/pba/0103.webp"
"La siguiente señal indica","Limitación de peso","Limitación de peso por eje","Limitación de altura",,,"1","Respuesta según el cuestionario oficial de la Provincia de Buenos Aires.","/img/preguntas/pba/0104.webp"
"En un cruce de dos calles sin semáforo, frente a la siguiente situación, ¿quién tiene prioridad de paso?","El vehículo A, ya que está circulando por la derecha","Los vehículos B, ya que son varios los que circulan por esa calle.","El vehículo A, ya que está saliendo del paso a nivel ferroviario.",,,"3","Respuesta según el cuestionario oficial de la Provincia de Buenos Aires.","/img/preguntas/pba/0106.webp"
"En un cruce de dos calles sin semáforo, frente a la siguiente situación, ¿quién tiene prioridad de paso?","El vehículo A.","El vehículo B.",,,,"2","Respuesta según el cuestionario oficial de la Provincia de Buenos Aires.","/img/preguntas/pba/0107.webp"
"¿Quién tiene prioridad de paso en el cruce de estas dos calles?","Los vehículos que circulan por la calle A.","Los vehículos que circulan por la calle B.",,,,"1","Respuesta según el cuestionario oficial de la Provincia de Buenos Aires.","/img/preguntas/pba/0108.webp"
"¿Qué vehículo tiene prioridad de paso en esta intersección sin semáforo?","El vehículo A porque circula por una avenida.","El vehículo B porque circula por la derecha.","Es indistinto ya que es una esquina sin semáforo.",,,"1","Respuesta según el cuestionario oficial de la Provincia de Buenos Aires.","/img/preguntas/pba/0109.webp"
"Al conducir un vehículo y llegar a esta intersección, ¿cómo debe proceder frente a esta señal?","Disminuir un poco la velocidad y mirar que no se acerquen vehículos por la vía a la que se va a incorporar.","Reducir la velocidad y detener el vehículo antes de la senda peatonal.","Avanzar.",,,"2","Respuesta según el cuestionario oficial de la Provincia de Buenos Aires.","/img/preguntas/pba/0110.webp"
"Como conductor de un vehículo, ¿cómo debe proceder frente a esta señal horizontal?","Disminuir un poco la velocidad y mirar que no se acerquen vehículos por la vía a la que se va a incorporar.","Reducir la velocidad y detener el vehículo antes de la senda peatonal.","Avanzar.",,,"2","Respuesta según el cuestionario oficial de la Provincia de Buenos Aires.","/img/preguntas/pba/0111.webp"
"Estas señales son las únicas que indican que se pierde la prioridad de paso en una bocacalle sin semáforo.","Verdadero.","Falso.",,,,"1","Respuesta según el cuestionario oficial de la Provincia de Buenos Aires.","/img/preguntas/pba/0112.webp"
"En la siguiente situación, ¿a quién le corresponde la prioridad de paso?","Al automóvil.","Al colectivo.","Es indistinto.",,,"2","Respuesta según el cuestionario oficial de la Provincia de Buenos Aires.","/img/preguntas/pba/0113.webp"
"Frente a esta situación de obstrucción de vía, ¿qué debe hacer el conductor del vehículo señalado?","Debe ceder el paso al vehículo que circula en el sentido contrario.","Tiene prioridad de paso sobre el otro vehículo.","La normativa no establece prioridad de paso ante esta situación.",,,"1","Respuesta según el cuestionario oficial de la Provincia de Buenos Aires.","/img/preguntas/pba/0114.webp"
"En la siguiente situación, ¿a quién le corresponde la prioridad de paso?","Al vehículo A, ya que circula por la derecha.","Al vehículo B, ya que circula por una avenida.","Es indistinto.",,,"2","Respuesta según el cuestionario oficial de la Provincia de Buenos Aires.","/img/preguntas/pba/0115.webp"
"En esta situación, donde hay una calzada circular, ¿quién tiene la prioridad de paso?","El vehículo A.","El vehículo B.","Es indistinto.",,,"2","Respuesta según el cuestionario oficial de la Provincia de Buenos Aires.","/img/preguntas/pba/0116.webp"
"En esta pendiente estrecha, ¿cuál de los dos vehículos tiene prioridad de paso?","El vehículo A.","El vehículo B.",,,,"2","Respuesta según el cuestionario oficial de la Provincia de Buenos Aires.","/img/preguntas/pba/0117.webp"
"El vehículo señalizado quiere incorporarse al tránsito, ¿tiene prioridad de paso sobre los otros vehículos que están circulando por esta arteria?","No, porque los vehículos de la arteria, a la que se pretende ingresar, están circulando.","Sí, porque se encuentra a la derecha.","Sí, porque señalizó su maniobra.",,,"1","Respuesta según el cuestionario oficial de la Provincia de Buenos Aires.","/img/preguntas/pba/0118.webp"
"El vehículo señalizado quiere incorporarse al tránsito, ¿tiene prioridad de paso sobre los otros vehículos que están detenidos en la arteria?","No. La prioridad es de los otros vehículos, independientemente si están detenidos o circulando.","Sí, porque se encuentra el tránsito detenido y deben cederle el paso.","No. La Ley no menciona nada al respecto, sólo se expresa sobre las prioridades en intersecciones no semaforizadas.",,,"2","Respuesta según el cuestionario oficial de la Provincia de Buenos Aires.","/img/preguntas/pba/0119.webp"
"En la siguiente situación, ¿el vehículo B puede sobrepasar al vehículo A?","Sí, salvo que se acerque un vehículo en el sentido contrario.","No, ya que está prohibido por la demarcación horizontal.","Sí, haciendo las señales de luces correspondientes y si el vehículo que circula en sentido contrario está lejos.",,,"2","Respuesta según el cuestionario oficial de la Provincia de Buenos Aires.","/img/preguntas/pba/0120.webp"
"¿Cuáles de los siguientes vehículos NO se encuentran en infracción?","Los vehículos A y B.","Los vehículos A y C.","Los vehículos B y C.",,,"3","Respuesta según el cuestionario oficial de la Provincia de Buenos Aires.","/img/preguntas/pba/0121.webp"
"El vehículo A pretende cambiar de carril hacia su derecha, ¿cuál de los dos vehículos tiene prioridad?","El vehículo A.","El vehículo B.",,,,"2","Respuesta según el cuestionario oficial de la Provincia de Buenos Aires.","/img/preguntas/pba/0122.webp"
"En este tipo de arteria, ¿quién tiene prioridad cuando se desea realizar un cambio de carril?","El vehículo que circula por el carril que se pretende ocupar.","El vehículo que realiza el cambio de carril.","El vehículo del carril más lento.",,,"1","Respuesta según el cuestionario oficial de la Provincia de Buenos Aires.","/img/preguntas/pba/0123.webp"
"¿Cuál de estos carriles es el llamado “”carril de sobrepaso””?","Cualquiera de ellos.","Sólo el carril señalado como A.","Sólo el carril señalado como F.",,,"2","Respuesta según el cuestionario oficial de la Provincia de Buenos Aires.","/img/preguntas/pba/0124.webp"
"En este tramo de la vía no se puede realizar un sobrepaso","Verdadero.","Falso.",,,,"1","Respuesta según el cuestionario oficial de la Provincia de Buenos Aires.","/img/preguntas/pba/0125.webp"
"¿Está permitido sobrepasar a otro vehículo en este lugar?","Sí, salvo que haya una señal que indique lo contrario.","No, está prohibido por normativa.","Sólo en el caso de que no perjudique la circulación de otros vehículos.",,,"2","Respuesta según el cuestionario oficial de la Provincia de Buenos Aires.","/img/preguntas/pba/0126.webp"
"En esta situación, ¿quién tiene prioridad para realizar el sobrepaso al camión?","El vehículo A.","El vehículo B.","El vehículo C.",,,"3","Respuesta según el cuestionario oficial de la Provincia de Buenos Aires.","/img/preguntas/pba/0127.webp"
"¿Se puede traspasar la siguiente señal horizontal?","Sí, porque ordena la circulación de carriles e indica que se puede sobrepasar a otro vehículo.","Sólo cuando la vía tiene dos carriles por sentido de circulación.","No, porque indica prohibición de sobrepaso.",,,"1","Respuesta según el cuestionario oficial de la Provincia de Buenos Aires.","/img/preguntas/pba/0128.webp"
"En este lugar, ¿está permitido sobrepasar a otro vehículo?","Sí, salvo que haya una señal que indique lo contrario.","No, está prohibido por normativa.","Sólo si no se perjudica la circulación de otros vehículos.",,,"2","Respuesta según el cuestionario oficial de la Provincia de Buenos Aires.","/img/preguntas/pba/0129.webp"
"Frente a la demarcación central de la calzada señalada, ¿cuál es la conducta a seguir?","Se debe respetar lo que rige con respecto a la línea más próxima; si es continua no traspasarla y si es discontinua está permitido hacerlo.","Se debe respetar lo que rige con respecto a la línea más próxima; si es discontinua no traspasarla y si es continua está permitido hacerlo.","No debe traspasarse ninguna de ellas.",,,"1","Respuesta según el cuestionario oficial de la Provincia de Buenos Aires.","/img/preguntas/pba/0130.webp"
"¿Qué indica esta demarcación amarilla en la calzada?","Indica que se puede traspasar.","Divide sentidos opuestos de circulación e indica que está prohibido traspasarla.","Que es una zona que se puede circular sobre ella.",,,"2","Respuesta según el cuestionario oficial de la Provincia de Buenos Aires.","/img/preguntas/pba/0131.webp"
"El vehículo señalado con un círculo rojo, ¿circula correctamente?","Sí, porque en esta vía las luces deben estar encendidas.","Sí, ya que mantiene una distancia prudencial respecto del resto de los vehículos.","No, dado que está circulando por la banquina.",,,"3","Respuesta según el cuestionario oficial de la Provincia de Buenos Aires.","/img/preguntas/pba/0132.webp"
"Un vehículo podrá circular por la franja paralela a la calzada, indicada en la imagen, sólo cuando el flujo vehicular esté absolutamente congestionado.","Verdadero.","Falso.",,,,"2","Respuesta según el cuestionario oficial de la Provincia de Buenos Aires.","/img/preguntas/pba/0133.webp"
"El vehículo señalizado tiene permitido girar a la izquierda en este cruce que no tiene semáforo.","Verdadero.","Falso.",,,,"2","Respuesta según el cuestionario oficial de la Provincia de Buenos Aires.","/img/preguntas/pba/0134.webp"
"El vehículo con un círculo de color rojo quería girar a la derecha y, por error continuó en línea recta, de modo que:","Puede circular marcha atrás, porque es un tramo corto el que tiene que recorrer, y efectuar el giro.","Puede dar la vuelta en U para tomar el sentido contrario y así efectuar el giro programado.","Ambas respuestas, A y B, son incorrectas.",,,"3","Respuesta según el cuestionario oficial de la Provincia de Buenos Aires.","/img/preguntas/pba/0135.webp"
"Según las normas generales, ¿cuál es la velocidad mínima permitida en esta calle?","30 km/h.","40 km/h.","20 km/h.",,,"3","Respuesta según el cuestionario oficial de la Provincia de Buenos Aires.","/img/preguntas/pba/0136.webp"
"Según las normas generales, ¿cuál es la velocidad máxima permitida para un automóvil particular en esta avenida?","40 km/h.","70 km/h.","60 km/h.",,,"3","Respuesta según el cuestionario oficial de la Provincia de Buenos Aires.","/img/preguntas/pba/0137.webp"
"¿Cuál es la velocidad máxima permitida para un automóvil particular en este tramo de la avenida?","60 km/h.","50 km/h.","40 km/h.",,,"3","Respuesta según el cuestionario oficial de la Provincia de Buenos Aires.","/img/preguntas/pba/0138.webp"
"¿Cuál es la velocidad máxima permitida en este tramo de calle?","40 km/h.","20 km/h.","30 km/h.",,,"2","Respuesta según el cuestionario oficial de la Provincia de Buenos Aires.","/img/preguntas/pba/0139.webp"
"Los vehículos que circulan por la siguiente avenida, al llegar a esta bocacalle sin semáforos, ¿cuál es el límite superior de velocidad precautoria que deben respetar?","20 kilómetros por hora.","40 kilómetros por hora.","30 kilómetros por hora.",,,"2","Respuesta según el cuestionario oficial de la Provincia de Buenos Aires.","/img/preguntas/pba/0140.webp"
"¿Cuál es la “distancia mínima de seguridad” a la que debe circular el vehículo A con respecto al B?","A una diferencia de dos segundos.","A una distancia de 2 metros.","No existe una determinada. Sólo está prohibido circular inmediatamente detrás, sin dejar distancia.",,,"1","Respuesta según el cuestionario oficial de la Provincia de Buenos Aires.","/img/preguntas/pba/0141.webp"
"¿Cuál es la manera más adecuada de conducir un vehículo en este tramo de la ruta?","Aumentar la velocidad gradualmente antes de ingresar en la curva.","Desacelerar antes de ingresar a la curva.","Mantener la misma velocidad antes de la curva y acelerar mientras se circula en ella.",,,"2","Respuesta según el cuestionario oficial de la Provincia de Buenos Aires.","/img/preguntas/pba/0142.webp"
"¿El vehículo de la imagen se encuentra en infracción?","Sí, salvo que el propietario del vehículo sea el mismo que el de la vivienda.","No, ya que hay espacio suficiente para el paso del peatón.","Ambas respuestas, A y B, son incorrectas.",,,"3","Respuesta según el cuestionario oficial de la Provincia de Buenos Aires.","/img/preguntas/pba/0143.webp"
"El vehículo con la oblea universal de discapacidad que se muestra en esta imagen, ¿se encuentra en infracción?","No, ya que al portar la oblea universal de discapacidad tiene libre estacionamiento y por ello puede estacionar en este lugar.","Sí. Todo vehículo tiene prohibido estacionar en este sector ya que pone en riesgo a pasajeros y peatones.",,,,"2","Respuesta según el cuestionario oficial de la Provincia de Buenos Aires.","/img/preguntas/pba/0144.webp"
"¿Es correcta la detención del vehículo en este sector?","Sí, ya que se encuentra con balizas encendidas.","Sí, porque sólo está prohibido el estacionamiento.","No, ya que tanto la detención como el estacionamiento en este sector se encuentra prohibido.",,,"3","Respuesta según el cuestionario oficial de la Provincia de Buenos Aires.","/img/preguntas/pba/0145.webp"
"Como norma general, frente a esta señal, ¿está permitido detenerse para el ascenso o descenso de pasajeros?","No. Está prohibido estacionar y detenerse.","Sí. Sólo está prohibido estacionar pero no detenerse.","Según la hora en que quiera realizarse la detención.",,,"2","Respuesta según el cuestionario oficial de la Provincia de Buenos Aires.","/img/preguntas/pba/0146.webp"
"¿Está permitida la acción que se presenta en la siguiente imagen?","Sí, porque tiene las balizas encendidas y no necesita permanecer más de 5 minutos para que descienda un pasajero.","Sí, porque la doble fila está permitida cuando se trata de ascenso y descenso de pasajeros.","No, ya que la doble fila está permitida sólo como detención previa a la maniobra de estacionamiento.",,,"3","Respuesta según el cuestionario oficial de la Provincia de Buenos Aires.","/img/preguntas/pba/0147.webp"
"¿Este vehículo se encuentra bien estacionado?","Sí. Al no estar el cordón pintado de amarillo, está habilitado a estacionarse y detenerse.","Sí. Al no estar el cordón pintado de rojo, está habilitado a estacionarse pero no a detenerse.","No, porque debería estar más alejado del cordón (a 20 cm de él).",,,"3","Respuesta según el cuestionario oficial de la Provincia de Buenos Aires.","/img/preguntas/pba/0148.webp"
"¿Qué precauciones se deben tener al dejar estacionado un vehículo en esta situación?","Orientar las ruedas hacia el cordón de la vereda y dejar la marcha hacia atrás o en posición de estacionamiento en el caso de tener caja automática.","Orientar las ruedas hacia el centro de la calzada y dejar la marcha en primera o en posición de estacionamiento en el caso de tener caja automática.","Orientar las ruedas paralelas al cordón y sin cambio o en posición de estacionamiento en el caso de tener caja automática.",,,"2","Respuesta según el cuestionario oficial de la Provincia de Buenos Aires.","/img/preguntas/pba/0149.webp"
"¿Se está habilitado a detener un vehículo en este lugar?","Sí, siempre y cuando no entorpezca la circulación.","No, está prohibido estacionar y detenerse por normativa.","Si, a menos que haya una señal que lo prohíba expresamente.",,,"2","Respuesta según el cuestionario oficial de la Provincia de Buenos Aires.","/img/preguntas/pba/0151.webp"
"Si el vehículo que lo precede, circula con estas luces intermitentes encendidas, ¿qué podría estar indicando el conductor?","Que el vehículo circula lentamente.","Que el vehículo próximamente ingresará a un garage o se detendrá.","Que el vehículo realizará un giro en la próxima intersección.",,,"2","Respuesta según el cuestionario oficial de la Provincia de Buenos Aires.","/img/preguntas/pba/0152.webp"
"¿Qué indica el uso de este tipo de luces?","Cuando se utilizan por separado sirven para preanunciar maniobras.","Cuando se utilizan a la vez sirven para anunciar situaciones de emergencias o que se está por detener.","Ambas respuestas, la A y la B, son correctas.",,,"3","Respuesta según el cuestionario oficial de la Provincia de Buenos Aires.","/img/preguntas/pba/0153.webp"
"Si el vehículo de la imagen se dispone a ingresar a un garaje, está anticipando su maniobra, utilizando las luces correctas.","Verdadero.","Falso.",,,,"1","Respuesta según el cuestionario oficial de la Provincia de Buenos Aires.","/img/preguntas/pba/0154.webp"
"Si el vehículo de la imagen se dispone a ingresar a un garaje ubicado a su derecha, está anticipando su maniobra utilizando las luces correctas.","Verdadero.","Falso.",,,,"2","Respuesta según el cuestionario oficial de la Provincia de Buenos Aires.","/img/preguntas/pba/0155.webp"
"¿Son válidas este tipo de señas?","Como acompañamiento al uso de balizas y/o en caso de emergencia.","Nunca.","Sólo cuando se utilicen en calles.",,,"1","Respuesta según el cuestionario oficial de la Provincia de Buenos Aires.","/img/preguntas/pba/0156.webp"
"El vehículo, señalado con un círculo rojo, circula utilizando las luces correctas.","Verdadero.","Falso.",,,,"2","Respuesta según el cuestionario oficial de la Provincia de Buenos Aires.","/img/preguntas/pba/0157.webp"
"Al observar las luces de este vehículo, ¿qué significado tienen en cuanto al sentido de circulación?","Que está circulando en mí mismo sentido.","Que está circulando en el sentido contrario al mío.","No indican sentido de circulación sino que está descompuesto.",,,"1","Respuesta según el cuestionario oficial de la Provincia de Buenos Aires.","/img/preguntas/pba/0158.webp"
"¿Para qué sirven estas luces intermitentes?","Para advertir a los demás conductores, frente a malas condiciones climáticas, que el vehículo circula a baja velocidad.","Para señalizar y advertir a los demás conductores que el vehículo se encuentra detenido o próximo a una maniobra de detención, estacionamiento o emergencia.","Ambas respuestas, A y B, son correctas.",,,"2","Respuesta según el cuestionario oficial de la Provincia de Buenos Aires.","/img/preguntas/pba/0159.webp"
"Si al circular por la siguiente arteria, se ve obligado a detener en la banquina, ¿qué luces debe colocar?","Luces altas y giro.","Luces reglamentarias y balizas.","Luces antinieblas.",,,"2","Respuesta según el cuestionario oficial de la Provincia de Buenos Aires.","/img/preguntas/pba/0160.webp"
"¿Qué significado tiene el color de las luces encendidas que se indican en la imagen?","Al estar ubicada en la parte posterior del vehículo, el color blanco es para diferenciarla de las luces de freno, posición y giro.","Al ser de color blanco se obtiene mejor visión cuando la maniobra de retroceso se debe realizar de noche o en condiciones de poca visibilidad.","Indica el sentido de circulación. La luz blanca significa que el vehículo circula en sentido contrario al del vehículo rojo que está detrás de él.",,,"3","Respuesta según el cuestionario oficial de la Provincia de Buenos Aires.","/img/preguntas/pba/0161.webp"
"En cuanto a la velocidad frente a esta situación, ¿qué debería considerar un conductor?","Debería circular a la mitad de la velocidad máxima establecida por Ley.","Debería adecuar la velocidad de acuerdo a las condiciones climáticas y de dicha vía de circulación.","Lo único que debería hacer es respetar es la velocidad máxima de la arteria por la que circula.",,,"2","Respuesta según el cuestionario oficial de la Provincia de Buenos Aires.","/img/preguntas/pba/0162.webp"
"¿Cómo se define el efecto que ocurre en la siguiente imagen?","Aquaplaning.","Off tracking.",,,,"1","Respuesta según el cuestionario oficial de la Provincia de Buenos Aires.","/img/preguntas/pba/0163.webp"
"Frente a esta condición climática, ¿se deben encender las luces bajas?","Sí, siempre que está disminuida la visibilidad.","No, porque las luces sólo deben utilizarse por la noche.","Sí, pero sólo en rutas.",,,"1","Respuesta según el cuestionario oficial de la Provincia de Buenos Aires.","/img/preguntas/pba/0164.webp"
"Al conducir por un largo lapso de tiempo y en esta condición climática…","Es menos probable que aparezca la fatiga, ya que aumenta la atención.","Es necesario descansar con más frecuencia, para evitar la fatiga.","No influye en la aparición de fatiga, siempre y cuando se mantenga una velocidad prudente.",,,"2","Respuesta según el cuestionario oficial de la Provincia de Buenos Aires.","/img/preguntas/pba/0165.webp"
"Bajo esta condición climática, ¿es recomendable aumentar la distancia de seguridad y reducir la velocidad?","No, al reducir la velocidad, mayor es la proporción de agua en el asfalto.","Sí, con lluvia la adherencia es menor.","No. La distancia de seguridad debe ser siempre la misma.",,,"2","Respuesta según el cuestionario oficial de la Provincia de Buenos Aires.","/img/preguntas/pba/0166.webp"
"Cuando conduce bajo esta condición climática, ¿a cuánto se debe incrementar la regla de 2 segundos en la distancia de seguridad?","A 4 segundos.","A 3 segundos.","A 5 segundos.",,,"1","Respuesta según el cuestionario oficial de la Provincia de Buenos Aires.","/img/preguntas/pba/0167.webp"
"Al conducir sobre una calzada en estas condiciones, la distancia de frenado será...","Igual que cuando la calzada se encuentra seca.","Menor que cuando la calzada se encuentra seca.","Mayor que cuando la calzada se encuentra seca.",,,"3","Respuesta según el cuestionario oficial de la Provincia de Buenos Aires.","/img/preguntas/pba/0168.webp"
"En estas condiciones, ¿una incorrecta regulación de la altura de las luces bajas puede producir encandilamiento?","Sí, porque este efecto se produce por cambios bruscos en la intensidad de la luz.","No, porque este efecto se produce sólo por el uso de la luz alta.","No, porque este efecto se produce en rutas con poca iluminación.",,,"1","Respuesta según el cuestionario oficial de la Provincia de Buenos Aires.","/img/preguntas/pba/0169.webp"
"¿Cuál es el límite de velocidad máxima en esta situación?","60 km/h.","80 km/h.","40 km/h.",,,"1","Respuesta según el cuestionario oficial de la Provincia de Buenos Aires.","/img/preguntas/pba/0170.webp"
"Ante la siguiente situación, ¿qué es lo que se recomienda hacer?","Utilizar las luces rompeniebla, lo cual es suficiente porque permite ampliar la visibilidad del conductor.","Conducir con ambas manos en el volante, reducir la velocidad, aumentar la distancia entre vehículos y utilizar las luces correspondientes del vehículo.","Detenerse en la banquina hasta que levante el banco de niebla.",,,"2","Respuesta según el cuestionario oficial de la Provincia de Buenos Aires.","/img/preguntas/pba/0171.webp"
"Con estas condiciones climáticas, ¿qué luces debe utilizar para poder circular en esta ruta?","Las luces altas, durante todo el recorrido mientras continúe la niebla.","Las luces bajas y las rompeniebla (en el caso de tenerlas).","Las luces bajas, las rompenieblas (en caso de tenerlas) y las balizas.",,,"2","Respuesta según el cuestionario oficial de la Provincia de Buenos Aires.","/img/preguntas/pba/0172.webp"
"¿En qué caso deberán utilizarse estas luces?","Únicamente de noche y por una vía sin asfaltar.","Sólo por vías sin banquina.","En vías afectadas por niebla, en cualquier horario.",,,"3","Respuesta según el cuestionario oficial de la Provincia de Buenos Aires.","/img/preguntas/pba/0173.webp"
"Si se encuentra en esta vía bajo estas condiciones climáticas, ¿lo más conveniente es detenerse en la banquina?","Sí, cuando el banco de niebla es muy denso.","Sí, siempre y cuando se coloquen las luces altas para ser más visibles.","No. Si no hay posibilidad de circular, debe alejarse lo más posible de la calzada y de la banquina.",,,"3","Respuesta según el cuestionario oficial de la Provincia de Buenos Aires.","/img/preguntas/pba/0174.webp"
"Si ud. circula por la ruta y observa esta situación, debe…","Aumentar la velocidad para sobrepasar al animal rápidamente.","Usar la bocina para ahuyentar al animal y mantener su velocidad.","Reducir la velocidad y si es necesario detenerse.",,,"3","Respuesta según el cuestionario oficial de la Provincia de Buenos Aires.","/img/preguntas/pba/0175.webp"
"¿Es seguro conducir con este tipo de calzado?","Es indistinto mientras que no resbalen.","Sólo puede verse afectada la conducción en viajes largos.","No, sólo un calzado sujeto al pie brinda seguridad en la conducción.",,,"3","Respuesta según el cuestionario oficial de la Provincia de Buenos Aires.","/img/preguntas/pba/0176.webp"
"En este tipo de vía, ¿está permitido remolcar con su automóvil particular a otro que se encuentra descompuesto?","Sí, ya que es riesgoso que quede detenido pero sólo puede hacerse hasta el lugar más próximo donde pueda quedar inmovilizado.","Sí, pero sólo si soy titular de una licencia que autoriza a conducir vehículos con remolque.","No, sólo pueden hacerlo los vehículos autorizados a tal fin.",,,"3","Respuesta según el cuestionario oficial de la Provincia de Buenos Aires.","/img/preguntas/pba/0177.webp"
"Indique cuál de estas imágenes muestra la manera correcta de colocar el espejo retrovisor:","Imagen A.","Imagen B.","Ambas respuestas, la A y la B, son correctas.",,,"1","Respuesta según el cuestionario oficial de la Provincia de Buenos Aires.","/img/preguntas/pba/0178.webp"
"¿Cuál es la correcta presión de los neumáticos de un automóvil particular?","28 lbs.","La que indique el manual del usuario de ese automóvil.","30 lbs.",,,"2","Respuesta según el cuestionario oficial de la Provincia de Buenos Aires.","/img/preguntas/pba/0179.webp"
"Si al circular se presenta la siguiente situación, ¿cuál es la acción que se recomienda realizar?","Frenar inmediatamente.","Desacelerar rápidamente y frenar.","Desacelerar lentamente y sujetar el volante.",,,"3","Respuesta según el cuestionario oficial de la Provincia de Buenos Aires.","/img/preguntas/pba/0180.webp"
"Según la Ley N° 24.449, ¿qué ítem enumera los elementos de seguridad obligatorios que se deben llevar en un vehículo?","Los elementos A, B y D.","Los elementos B, C y D.","Los elementos A, D y E.",,,"2","Respuesta según el cuestionario oficial de la Provincia de Buenos Aires.","/img/preguntas/pba/0181.webp"
"El siguiente elemento de seguridad, está correctamente ubicado.","Verdadero.","Falso.",,,,"2","Respuesta según el cuestionario oficial de la Provincia de Buenos Aires.","/img/preguntas/pba/0182.webp"
"Este elemento de seguridad pasiva sirve para reducir el daño producido a los ocupantes de un vehículo al momento de un siniestro.","Verdadero.","Falso.",,,,"1","Respuesta según el cuestionario oficial de la Provincia de Buenos Aires.","/img/preguntas/pba/0184.webp"
"Este elemento de seguridad...","Permite prescindir del uso del cinturón de seguridad.","Complementa el uso del cinturón de seguridad.","Es incompatible con el uso del cinturón de seguridad.",,,"2","Respuesta según el cuestionario oficial de la Provincia de Buenos Aires.","/img/preguntas/pba/0185.webp"
"¿Es correcta la colocación del dispositivo de retención infantil en este vehículo?","Sí, salvo en rutas nacionales.","Sí, siempre y cuando esté debidamente ajustado.","No, ya que estos dispositivos deben ir colocados en los asientos traseros.",,,"3","Respuesta según el cuestionario oficial de la Provincia de Buenos Aires.","/img/preguntas/pba/0186.webp"
"En la siguiente imagen, ¿es correcta la colocación del dispositivo de retención infantil para un niño de 7 años?","Sí, ya que se encuentra bien ajustado y en el asiento trasero.","No, ya que la orientación “a contra marcha” de los SRI es sólo para los grupos 0 y 0+ y 1 de SRI según indique su fabricante y este niño supera la edad para esos grupos.","Sí, ya que la orientación “a contra marcha” reduce el efecto “latigazo” en caso de un siniestro.",,,"2","Respuesta según el cuestionario oficial de la Provincia de Buenos Aires.","/img/preguntas/pba/0187.webp"
"¿Es correcta la manera en que utiliza el Sistema de Retención Infantil (SRI) esta niña?","Sí, ya que se encuentra sentada en un SRI, en el asiento trasero.","No, ya que la niña debería ubicarse “a contra marcha” para reducir el efecto “latigazo”.","No, ya que la niña no utiliza el cinturón de seguridad del SRI.",,,"3","Respuesta según el cuestionario oficial de la Provincia de Buenos Aires.","/img/preguntas/pba/0188.webp"
"El apoyacabeza está correctamente ubicado en función del conductor.","Verdadero.","Falso.",,,,"1","Respuesta según el cuestionario oficial de la Provincia de Buenos Aires.","/img/preguntas/pba/0189.webp"
"¿Es obligatoria la utilización de este elemento en todos los asientos del automóvil?","Sí. Lo establece la normativa para evitar lesiones graves en la zona cervical.","No en todos, para los asientos traseros no cumplen ninguna función.","No, ya que no forma parte de la seguridad activa ni pasiva de los vehículos.",,,"1","Respuesta según el cuestionario oficial de la Provincia de Buenos Aires.","/img/preguntas/pba/0190.webp"
"Frente a un siniestro, ¿qué puede evitar este elemento si está correctamente ubicado?","Nada en especial, dado que sólo es un elemento de confort.","Lesiones en la zona cervical.","Lesiones en el tórax.",,,"2","Respuesta según el cuestionario oficial de la Provincia de Buenos Aires.","/img/preguntas/pba/0191.webp"
"¿Todos los ocupantes del vehículo viajan de manera correcta?","Sí, ya que la obligación del uso del cinturón de seguridad alcanza sólo al conductor.","Sí, ya que la obligación del uso del cinturón de seguridad alcanza sólo a las personas que se trasladen en los asientos delanteros.","No, porque la obligación del uso del cinturón de seguridad es para todas las personas transportadas.",,,"3","Respuesta según el cuestionario oficial de la Provincia de Buenos Aires.","/img/preguntas/pba/0192.webp"
"¿Cuál de estas imágenes muestra el uso adecuado del cinturón de seguridad durante el embarazo?","Imagen A.","Imagen B.",,,,"2","Respuesta según el cuestionario oficial de la Provincia de Buenos Aires.","/img/preguntas/pba/0193.webp"
"¿Esta persona tiene el cinturón correctamente colocado?","No, porque pasa por el abdomen y debería hacerlo por los huesos de la cadera.","No, porque pasa por el abdomen y debería hacerlo por los muslos.","Sí, porque pasa por la clavícula y el abdomen.",,,"1","Respuesta según el cuestionario oficial de la Provincia de Buenos Aires.","/img/preguntas/pba/0194.webp"
"¿Cuál es la correcta posición del uso de la banda inferior del cinturón de seguridad de tres puntas?","Opción A.","Opción B.","Ambas opciones, A y B, son correctas.",,,"1","Respuesta según el cuestionario oficial de la Provincia de Buenos Aires.","/img/preguntas/pba/0195.webp"
"Los ocupantes de este vehículo ¿viajan de manera segura?","Sí, ya que las personas se encuentran con cinturón de seguridad.","No, ya que por normativa no está permitido trasladar mascotas en un automóvil particular.","No, ya que las mascotas deben ser transportadas en los asientos traseros sujetos con arnés o sistema de retención correspondiente.",,,"3","Respuesta según el cuestionario oficial de la Provincia de Buenos Aires.","/img/preguntas/pba/0196.webp"
